{
  "data": [
    {
      "code": "0102800000",
      "name": "Ilocos Norte",
      "region": "Region I (Ilocos Region)"
    },
    {
      "code": "0102900000",
      "name": "Ilocos Sur",
      "region": "Region I (Ilocos Region)"
    },
    {
      "code": "0103300000",
      "name": "La Union",
      "region": "Region I (Ilocos Region)"
    },
    {
      "code": "0105500000",
      "name": "Pangasinan",
      "region": "Region I (Ilocos Region)"
    },
    {
      "code": "0200900000",
      "name": "Batanes",
      "region": "Region II (Cagayan Valley)"
    },
    {
      "code": "0201500000",
      "name": "Cagayan",
      "region": "Region II (Cagayan Valley)"
    },
    {
      "code": "0203100000",
      "name": "Isabela",
      "region": "Region II (Cagayan Valley)"
    },
    {
      "code": "0205000000",
      "name": "Nueva Vizcaya",
      "region": "Region II (Cagayan Valley)"
    },
    {
      "code": "0205700000",
      "name": "Quirino",
      "region": "Region II (Cagayan Valley)"
    },
    {
      "code": "0300800000",
      "name": "Bataan",
      "region": "Region III (Central Luzon)"
    },
    {
      "code": "0301400000",
      "name": "Bulacan",
      "region": "Region III (Central Luzon)"
    },
    {
      "code": "0304900000",
      "name": "Nueva Ecija",
      "region": "Region III (Central Luzon)"
    },
    {
      "code": "0305400000",
      "name": "Pampanga",
      "region": "Region III (Central Luzon)"
    },
    {
      "code": "0306900000",
      "name": "Tarlac",
      "region": "Region III (Central Luzon)"
    },
    {
      "code": "0307100000",
      "name": "Zambales",
      "region": "Region III (Central Luzon)"
    },
    {
      "code": "0307700000",
      "name": "Aurora",
      "region": "Region III (Central Luzon)"
    },
    {
      "code": "0401000000",
      "name": "Batangas",
      "region": "Region IV-A (CALABARZON)"
    },
    {
      "code": "0402100000",
      "name": "Cavite",
      "region": "Region IV-A (CALABARZON)"
    },
    {
      "code": "0403400000",
      "name": "Laguna",
      "region": "Region IV-A (CALABARZON)"
    },
    {
      "code": "0405600000",
      "name": "Quezon",
      "region": "Region IV-A (CALABARZON)"
    },
    {
      "code": "0405800000",
      "name": "Rizal",
      "region": "Region IV-A (CALABARZON)"
    },
    {
      "code": "1704000000",
      "name": "Marinduque",
      "region": "MIMAROPA Region"
    },
    {
      "code": "1705100000",
      "name": "Occidental Mindoro",
      "region": "MIMAROPA Region"
    },
    {
      "code": "1705200000",
      "name": "Oriental Mindoro",
      "region": "MIMAROPA Region"
    },
    {
      "code": "1705300000",
      "name": "Palawan",
      "region": "MIMAROPA Region"
    },
    {
      "code": "1705900000",
      "name": "Romblon",
      "region": "MIMAROPA Region"
    },
    {
      "code": "0500500000",
      "name": "Albay",
      "region": "Region V (Bicol Region)"
    },
    {
      "code": "0501600000",
      "name": "Camarines Norte",
      "region": "Region V (Bicol Region)"
    },
    {
      "code": "0501700000",
      "name": "Camarines Sur",
      "region": "Region V (Bicol Region)"
    },
    {
      "code": "0502000000",
      "name": "Catanduanes",
      "region": "Region V (Bicol Region)"
    },
    {
      "code": "0504100000",
      "name": "Masbate",
      "region": "Region V (Bicol Region)"
    },
    {
      "code": "0506200000",
      "name": "Sorsogon",
      "region": "Region V (Bicol Region)"
    },
    {
      "code": "0600400000",
      "name": "Aklan",
      "region": "Region VI (Western Visayas)"
    },
    {
      "code": "0600600000",
      "name": "Antique",
      "region": "Region VI (Western Visayas)"
    },
    {
      "code": "0601900000",
      "name": "Capiz",
      "region": "Region VI (Western Visayas)"
    },
    {
      "code": "0603000000",
      "name": "Iloilo",
      "region": "Region VI (Western Visayas)"
    },
    {
      "code": "0604500000",
      "name": "Negros Occidental",
      "region": "Region VI (Western Visayas)"
    },
    {
      "code": "0607900000",
      "name": "Guimaras",
      "region": "Region VI (Western Visayas)"
    },
    {
      "code": "0701200000",
      "name": "Bohol",
      "region": "Region VII (Central Visayas)"
    },
    {
      "code": "0702200000",
      "name": "Cebu",
      "region": "Region VII (Central Visayas)"
    },
    {
      "code": "0704600000",
      "name": "Negros Oriental",
      "region": "Region VII (Central Visayas)"
    },
    {
      "code": "0706100000",
      "name": "Siquijor",
      "region": "Region VII (Central Visayas)"
    },
    {
      "code": "0802600000",
      "name": "Eastern Samar",
      "region": "Region VIII (Eastern Visayas)"
    },
    {
      "code": "0803700000",
      "name": "Leyte",
      "region": "Region VIII (Eastern Visayas)"
    },
    {
      "code": "0804800000",
      "name": "Northern Samar",
      "region": "Region VIII (Eastern Visayas)"
    },
    {
      "code": "0806000000",
      "name": "Samar",
      "region": "Region VIII (Eastern Visayas)"
    },
    {
      "code": "0806400000",
      "name": "Southern Leyte",
      "region": "Region VIII (Eastern Visayas)"
    },
    {
      "code": "0807800000",
      "name": "Biliran",
      "region": "Region VIII (Eastern Visayas)"
    },
    {
      "code": "0907200000",
      "name": "Zamboanga del Norte",
      "region": "Region IX (Zamboanga Peninsula)"
    },
    {
      "code": "0907300000",
      "name": "Zamboanga del Sur",
      "region": "Region IX (Zamboanga Peninsula)"
    },
    {
      "code": "0908300000",
      "name": "Zamboanga Sibugay",
      "region": "Region IX (Zamboanga Peninsula)"
    },
    {
      "code": "1001300000",
      "name": "Bukidnon",
      "region": "Region X (Northern Mindanao)"
    },
    {
      "code": "1001800000",
      "name": "Camiguin",
      "region": "Region X (Northern Mindanao)"
    },
    {
      "code": "1003500000",
      "name": "Lanao del Norte",
      "region": "Region X (Northern Mindanao)"
    },
    {
      "code": "1004200000",
      "name": "Misamis Occidental",
      "region": "Region X (Northern Mindanao)"
    },
    {
      "code": "1004300000",
      "name": "Misamis Oriental",
      "region": "Region X (Northern Mindanao)"
    },
    {
      "code": "1102300000",
      "name": "Davao del Norte",
      "region": "Region XI (Davao Region)"
    },
    {
      "code": "1102400000",
      "name": "Davao del Sur",
      "region": "Region XI (Davao Region)"
    },
    {
      "code": "1102500000",
      "name": "Davao Oriental",
      "region": "Region XI (Davao Region)"
    },
    {
      "code": "1108200000",
      "name": "Davao de Oro",
      "region": "Region XI (Davao Region)"
    },
    {
      "code": "1108600000",
      "name": "Davao Occidental",
      "region": "Region XI (Davao Region)"
    },
    {
      "code": "1204700000",
      "name": "Cotabato",
      "region": "Region XII (SOCCSKSARGEN)"
    },
    {
      "code": "1206300000",
      "name": "South Cotabato",
      "region": "Region XII (SOCCSKSARGEN)"
    },
    {
      "code": "1206500000",
      "name": "Sultan Kudarat",
      "region": "Region XII (SOCCSKSARGEN)"
    },
    {
      "code": "1208000000",
      "name": "Sarangani",
      "region": "Region XII (SOCCSKSARGEN)"
    },
    {
      "code": "1400100000",
      "name": "Abra",
      "region": "Cordillera Administrative Region (CAR)"
    },
    {
      "code": "1401100000",
      "name": "Benguet",
      "region": "Cordillera Administrative Region (CAR)"
    },
    {
      "code": "1402700000",
      "name": "Ifugao",
      "region": "Cordillera Administrative Region (CAR)"
    },
    {
      "code": "1403200000",
      "name": "Kalinga",
      "region": "Cordillera Administrative Region (CAR)"
    },
    {
      "code": "1404400000",
      "name": "Mountain Province",
      "region": "Cordillera Administrative Region (CAR)"
    },
    {
      "code": "1408100000",
      "name": "Apayao",
      "region": "Cordillera Administrative Region (CAR)"
    },
    {
      "code": "1600200000",
      "name": "Agusan del Norte",
      "region": "Region XIII (Caraga)"
    },
    {
      "code": "1600300000",
      "name": "Agusan del Sur",
      "region": "Region XIII (Caraga)"
    },
    {
      "code": "1606700000",
      "name": "Surigao del Norte",
      "region": "Region XIII (Caraga)"
    },
    {
      "code": "1606800000",
      "name": "Surigao del Sur",
      "region": "Region XIII (Caraga)"
    },
    {
      "code": "1608500000",
      "name": "Dinagat Islands",
      "region": "Region XIII (Caraga)"
    },
    {
      "code": "1900700000",
      "name": "Basilan",
      "region": "Bangsamoro Autonomous Region In Muslim Mindanao (BARMM)"
    },
    {
      "code": "1903600000",
      "name": "Lanao del Sur",
      "region": "Bangsamoro Autonomous Region In Muslim Mindanao (BARMM)"
    },
    {
      "code": "1906600000",
      "name": "Sulu",
      "region": "Bangsamoro Autonomous Region In Muslim Mindanao (BARMM)"
    },
    {
      "code": "1907000000",
      "name": "Tawi-Tawi",
      "region": "Bangsamoro Autonomous Region In Muslim Mindanao (BARMM)"
    },
    {
      "code": "1908700000",
      "name": "Maguindanao del Norte",
      "region": "Bangsamoro Autonomous Region In Muslim Mindanao (BARMM)"
    },
    {
      "code": "1908800000",
      "name": "Maguindanao del Sur",
      "region": "Bangsamoro Autonomous Region In Muslim Mindanao (BARMM)"
    }
  ]
}